{"cameraMode":{"drawMode":0,"name":"Shaded","section":"Shading Mode"},"sceneLighting":false,"audioPlay":false,"sceneViewState":{"showFog":true,"showMaterialUpdate":false,"showSkybox":false,"showFlares":true,"showImageEffects":true,"showParticleSystems":true},"in2DMode":false,"pivot":{"x":-0.1249990463256836,"y":0.8172749280929565,"z":-0.1249990463256836},"rotation":{"x":-0.06452806293964386,"y":-0.787580668926239,"z":0.0837191790342331,"w":-0.6070964336395264},"size":5.889222145080566,"orthographic":false}