{"cameraMode":{"drawMode":0,"name":"Shaded","section":"Shading Mode"},"sceneLighting":false,"audioPlay":false,"sceneViewState":{"showFog":true,"showMaterialUpdate":false,"showSkybox":false,"showFlares":true,"showImageEffects":true,"showParticleSystems":true},"in2DMode":false,"pivot":{"x":46.0,"y":0.3950379490852356,"z":155.99996948242188},"rotation":{"x":-0.41427570581436159,"y":-0.5708270072937012,"z":0.40787357091903689,"w":-0.5798205733299255},"size":51.23976516723633,"orthographic":false}