{"cameraMode":{"drawMode":0,"name":"Shaded","section":"Shading Mode"},"sceneLighting":false,"audioPlay":false,"sceneViewState":{"showFog":true,"showMaterialUpdate":false,"showSkybox":false,"showFlares":true,"showImageEffects":true,"showParticleSystems":true},"in2DMode":false,"pivot":{"x":0.03014683723449707,"y":0.04533958435058594,"z":4.341469764709473},"rotation":{"x":0.4644600450992584,"y":0.4776487946510315,"z":-0.33227887749671938,"w":0.6676451563835144},"size":16.532541275024415,"orthographic":false}