{"cameraMode":{"drawMode":0,"name":"Shaded","section":"Shading Mode"},"sceneLighting":true,"audioPlay":false,"sceneViewState":{"showFog":true,"showMaterialUpdate":false,"showSkybox":false,"showFlares":true,"showImageEffects":true,"showParticleSystems":true},"in2DMode":false,"pivot":{"x":158.12667846679688,"y":0.5851587653160095,"z":268.39990234375},"rotation":{"x":-0.07342397421598435,"y":-0.43941983580589297,"z":0.03607447072863579,"w":-0.8945615887641907},"size":7.7468438148498539,"orthographic":false}