{"cameraMode":{"drawMode":0,"name":"Shaded","section":"Shading Mode"},"sceneLighting":false,"audioPlay":false,"sceneViewState":{"showFog":true,"showMaterialUpdate":false,"showSkybox":false,"showFlares":true,"showImageEffects":true,"showParticleSystems":true},"in2DMode":false,"pivot":{"x":-1.0713529586791993,"y":3.252626419067383,"z":-4.76837158203125e-7},"rotation":{"x":-0.12283776700496674,"y":-0.8064576387405396,"z":0.1802569478750229,"w":-0.5496042966842651},"size":5.892580509185791,"orthographic":false}