{"cameraMode":{"drawMode":0,"name":"Shaded","section":"Shading Mode"},"sceneLighting":false,"audioPlay":false,"sceneViewState":{"showFog":true,"showMaterialUpdate":false,"showSkybox":false,"showFlares":true,"showImageEffects":true,"showParticleSystems":true},"in2DMode":false,"pivot":{"x":-13.084708213806153,"y":5.4809041023254398,"z":10.162127494812012},"rotation":{"x":0.22742605209350587,"y":0.22261258959770204,"z":-0.05349521338939667,"w":0.9465043544769287},"size":1.2459521293640137,"orthographic":false}