{"cameraMode":{"drawMode":0,"name":"Shaded","section":"Shading Mode"},"sceneLighting":true,"audioPlay":false,"sceneViewState":{"showFog":true,"showMaterialUpdate":false,"showSkybox":false,"showFlares":true,"showImageEffects":true,"showParticleSystems":true},"in2DMode":false,"pivot":{"x":127.11167907714844,"y":27.65804100036621,"z":128.00003051757813},"rotation":{"x":-0.28616490960121157,"y":-0.7032226920127869,"z":0.381807804107666,"w":-0.5270963907241821},"size":4.968523025512695,"orthographic":false}